candidate_id,unique_password,candidate_name,resume
101,aZ9!xW2s,Priya Sharma,"Aspiring Software Engineer with a B.Tech in Computer Science from DTU. Proficient in Java, Python, and data structures. Developed a full-stack e-commerce website as a personal project. Seeking a challenging backend development internship."
102,bY8@wV3d,Rohan Verma,"Final year BBA student specializing in Marketing. Experienced in running social media campaigns and creating content for a college fest, resulting in a 30% increase in engagement. Skilled in Canva and Google Analytics."
103,cX7#vU4f,Anjali Singh,"Data Science enthusiast with strong skills in Python, R, and machine learning libraries like Scikit-learn and TensorFlow. Completed a project on sentiment analysis of Twitter data. Eager to apply my analytical skills to real-world problems."
104,dW6$uT5g,Vikram Rathore,"UX/UI Designer with a portfolio showcasing mobile app and web design projects. Proficient in Figma, Adobe XD, and user research methodologies. Passionate about creating intuitive and user-centered designs."
105,eV5%tS6h,Isha Reddy,"Mechanical Engineering student with hands-on experience in AutoCAD and SolidWorks. Interned at a manufacturing firm where I assisted in designing and testing new components. Strong understanding of thermodynamics and fluid mechanics."
106,fU4^sR7j,Aditya Kumar,"Content Writer with a flair for storytelling. Authored over 50 articles for a popular tech blog, focusing on SEO best practices. Excellent research and editing skills. Looking for a content marketing internship."
107,gT3&rQ8k,Sneha Patel,"Finance student with a solid foundation in financial modeling, valuation, and accounting principles. Proficient in Microsoft Excel and familiar with Bloomberg Terminal. Seeking a role in financial analysis or investment banking."
108,hS2*qP9l,Arjun Nair,"Human Resources aspirant with excellent interpersonal skills. Coordinated recruitment drives in college and assisted in the onboarding process for student volunteers. Familiar with HR policies and procedures."
109,iR1(p_0m,Meera Iyer,"Frontend Developer skilled in HTML, CSS, JavaScript, and React.js. Built a responsive portfolio website and contributed to an open-source project. Passionate about building beautiful and functional user interfaces."
110,jQ9)o-1n,Karan Malhotra,"Cybersecurity student with knowledge of network security, ethical hacking, and cryptography. Certified in CompTIA Security+. Conducted vulnerability assessments on university networks as part of a project."
111,kP8_n-2o,Divya Gupta,"Civil Engineering student experienced in site supervision and structural analysis. Proficient in STAAD.Pro and AutoCAD. Interned on a residential construction project, assisting with quality control and project scheduling."
112,lO7-m=3p,Siddharth Joshi,"Business Analyst with a knack for translating business needs into technical requirements. Experienced in creating user stories, process flow diagrams, and using JIRA. Strong analytical and problem-solving skills."
113,mN6=l+4q,Fatima Khan,"AI/ML enthusiast with experience in building neural networks and NLP models using PyTorch. Developed a chatbot for a university project. Eager to work on challenging machine learning problems."
114,n_M5+k_5r,Rahul Desai,"Graphic Designer proficient in Adobe Creative Suite (Photoshop, Illustrator, InDesign). Created branding materials, logos, and social media graphics for various college clubs. Strong creative and visual communication skills."
115,o-L4_j*6s,Pooja Mehta,"DevOps intern candidate with experience in CI/CD pipelines, Docker, and Kubernetes. Familiar with cloud platforms like AWS. Focused on automating deployment processes and improving system reliability."
116,p-K3*i_7t,Amit Shah,"Digital Marketer specializing in SEO and SEM. Managed Google Ads campaigns and improved organic search rankings for a local business. Certified in Google Analytics and Ads."
117,q=J2_h(8u,Neha Agarwal,"Mobile App Developer with experience in building Android applications using Kotlin and Jetpack Compose. Published a simple utility app on the Google Play Store. Strong understanding of mobile UI/UX principles."
118,r=I1(g)9v,Rajesh Singh,"Supply Chain Management student with knowledge of logistics, inventory management, and procurement. Analyzed supply chain processes for a class project to identify and recommend efficiency improvements."
119,s(H9)f-0w,Sunita Rao,"Biotechnology student with lab experience in PCR, gel electrophoresis, and cell culturing. Assisted in a research project on genetic modification. Meticulous and detail-oriented."
120,t(G8-e=1x,Vijay Kumar,"Sales-driven individual with excellent communication skills. Experience in cold calling and lead generation from a previous part-time role. Confident, persuasive, and eager to meet targets in a sales development role."
121,u)F7=d_2y,Deepika Krishnan,"Cloud computing enthusiast with AWS Certified Cloud Practitioner certification. Experience in setting up EC2 instances, S3 buckets, and managing IAM roles. Seeking a cloud engineering internship."
122,v)E6_c(3z,Manish Tiwari,"Videographer and Video Editor skilled in Adobe Premiere Pro and After Effects. Created and edited promotional videos for college events. Experienced with camera operation, lighting, and sound recording."
123,w*E5(b)4a,Aisha Begum,"Architecture student proficient in Revit, AutoCAD, and SketchUp. Assisted in designing residential and commercial building plans. Strong understanding of building codes and sustainable design principles."
124,x*D4)a-5b,Sameer Ahmed,"Journalism student with experience writing for the university newspaper. Strong research, interviewing, and fact-checking skills. Passionate about uncovering and telling compelling stories."
125,y(C3-z_6c,Varun Anand,"Database Administrator intern candidate with knowledge of SQL and NoSQL databases like MySQL and MongoDB. Experienced in writing complex queries, database design, and performance tuning."
126,z(B2_y*7d,Ananya Das,"Electrical Engineering student with experience in circuit design and microcontroller programming (Arduino, Raspberry Pi). Built a home automation project using IoT principles."
127,a_A1*x(8e,Riya Chatterjee,"Product Management aspirant with a background in business and technology. Conducted market research and created product requirement documents (PRDs) for a conceptual app. Strong leadership and communication skills."
128,b*Z9(w)9f,Kabir Sharma,"Environmental Science student focused on sustainability and conservation. Participated in fieldwork to collect and analyze water quality data. Passionate about creating a positive environmental impact."
129,c)Y8-v-0g,Nikhil Reddy,"Game Developer with experience in Unity and C#. Developed a 2D platformer game as a personal project. Strong understanding of game mechanics, physics, and level design."
130,d)X7=u_1h,Shreya Gupta,"Technical Writer skilled in creating clear and concise documentation. Wrote user manuals and API documentation for a software project. Ability to explain complex technical concepts to non-technical audiences."
131,e(W6_t*2i,Imran Khan,"Quality Assurance (QA) Analyst with experience in manual and automated testing. Wrote and executed test cases, reported bugs using Jira, and used Selenium for test automation."
132,f(V5*s)3j,Tanvi Mehta,"Economics graduate with strong quantitative and analytical skills. Conducted econometric analysis using Stata and R for a research paper on market trends. Seeking a role in economic research or data analysis."
133,g)U4-r_4k,Alisha Jain,"Fashion Merchandising student with an eye for trends and a strong understanding of the retail industry. Interned at a boutique where I assisted with inventory management and visual merchandising."
134,h)T3=q(5l,Harsh Patel,"iOS Developer with experience building apps in Swift and SwiftUI. Developed a weather application that fetches data from a public API. Familiar with the Apple App Store submission process."
135,i(S2_p*6m,Zoya Hussain,"Robotics engineer with experience in ROS, Python, and C++. Built and programmed a line-following robot. Strong understanding of control systems and sensor integration."
136,j(R1*o)7n,Advait Nair,"Legal intern candidate (Paralegal) with experience in legal research and document drafting. Assisted a law firm with case file management. Strong analytical skills and high attention to detail."
137,k)Q9-n_8o,Lakshmi Murthy,"Nutrition and Dietetics student. Developed customized meal plans for a class project and created educational materials on healthy eating. Eager to apply my knowledge in a clinical or community setting."
138,l)P8=m(9p,Arnav Agarwal,"Industrial Designer with a portfolio of product sketches and 3D models. Proficient in Rhino and KeyShot. Focused on creating ergonomic and aesthetically pleasing consumer products."
139,m(O7_l*0q,Sana Sheikh,"Public Relations student skilled in writing press releases and managing media lists. Helped organize a press event for a university initiative. Strong communication and networking abilities."
140,n(N6*k)1r,Ravi Yadav,"Chemical Engineering student with experience in process simulation using Aspen HYSYS. Interned at a chemical plant, assisting with process optimization and safety compliance."
141,o)M5-j_2s,Yash Singh,"Blockchain developer with an understanding of smart contracts and decentralized applications (dApps). Built a simple voting application on the Ethereum blockchain using Solidity."
142,p)L4=i(3t,Ishaan Gupta,"Real Estate student with knowledge of property valuation and market analysis. Conducted site visits and assisted in preparing investment proposals for commercial properties."
143,q(K3_h*4u,Priyanka Dasgupta,"IT Audit intern candidate with an understanding of IT controls, risk assessment, and compliance frameworks. Eager to apply my knowledge in a corporate IT environment."
144,r(J2*g)5v,Rohan Kapoor,"Sports Management student who has volunteered for multiple sporting events, assisting with logistics and fan engagement. Passionate about the business side of sports."
145,s)I1-f_6w,Kavita Iyer,"Music Production student proficient in Ableton Live and Pro Tools. Composed, recorded, and mixed several original tracks. Understanding of audio engineering and music theory."
146,t)H9=e(7x,Vivek Menon,"Hotel Management trainee with experience in front office and food & beverage service from a previous internship. Strong customer service and problem-solving skills."
147,u(G8_d*8y,Aarti Patil,"Pharmaceutical Science student with lab experience in drug formulation and analysis using HPLC. Detail-oriented and knowledgeable about GMP standards."
148,v(F7*c)9z,Mohan Kumar,"Geographic Information System (GIS) Analyst skilled in using ArcGIS for spatial analysis and map creation. Worked on a project to map urban green spaces."
149,w)E6-b_0a,Geeta Sharma,"Actuarial Science student with a strong foundation in probability, statistics, and risk theory. Passed the first two actuarial exams (P and FM). Proficient in Excel and R."
150,x)D5=a(1b,Farhan Akhtar,"Film student with experience in scriptwriting and video editing. Directed and edited a short film for a university competition. Proficient in Final Cut Pro."
151,y(C4_z*2c,Elena D'souza,"Foreign Language student fluent in Spanish and English. Experience in translation and interpretation for a local NGO. Strong cross-cultural communication skills."
152,z(B3*y)3d,Suraj Verma,"Aerospace Engineering student with a focus on aerodynamics and propulsion. Used CFD software to simulate airflow over an airfoil for a project. Passionate about aviation and space exploration."
153,a_A2-x_4e,Tara Khanna,"User Research intern candidate skilled in conducting user interviews, surveys, and usability testing. Analyzed qualitative data to provide actionable insights for a mobile app concept."
154,b_Z1_w*5f,Parthiv Patel,"Event Planner with experience organizing workshops and seminars for a student organization. Managed budgets, coordinated with vendors, and handled event marketing."
155,c*Y9*v)6g,Noor Fatima,"Ceramics artist with a portfolio of functional and sculptural work. Experienced with wheel throwing, hand-building, and glaze chemistry."
156,d*X8)u-7h,Gaurav Choudhary,"Network Engineering intern candidate with Cisco CCNA certification. Experience configuring routers and switches in a lab environment. Understanding of TCP/IP and network security principles."
157,e)W7-t_8i,Sonia Batra,"Clinical Psychology student who has assisted in research on cognitive-behavioral therapy. Familiar with data collection and statistical analysis using SPSS."
158,f)V6=s(9j,Rohit Bansal,"E-commerce specialist with experience managing a small Shopify store. Handled product listings, order fulfillment, and customer service. Familiar with digital marketing for online retail."
159,g(U5_r*0k,Ishita Sharma,"Historian with strong research and analytical skills. Wrote a detailed research paper on medieval trade routes, utilizing primary and secondary sources."
160,h(T4*q)1l,Dhruv Saxena,"Renewable Energy engineer focused on solar power. Designed a small-scale solar PV system for a residential building as a final year project. Knowledge of PVsyst software."
161,i)S3-p_2m,Myra Singh,"Copywriter with a portfolio of ad copy, email newsletters, and website content. Skilled in crafting persuasive and brand-aligned messages."
162,j)R2=o(3n,Kunal Basu,"Logistics coordinator with experience in tracking shipments and managing transportation documentation. Strong organizational skills and ability to work in a fast-paced environment."
163,k(Q1_n*4o,Tanya Ghosh,"Veterinary technician student with hands-on experience in animal care and clinical procedures from volunteering at an animal shelter. Compassionate and skilled in animal handling."
164,l(P9*m)5p,Varsha Nair,"Animator with skills in 2D animation using Toon Boom Harmony. Created a short animated sequence for a personal project. Strong drawing and storytelling abilities."
165,m)O8-l_6q,Aryan Khanna,"Geologist with fieldwork experience in geological mapping and sample collection. Analyzed rock formations to understand their history and composition."
166,n)N7=k(7r,Chetan Bhagat,"E-learning developer skilled in creating interactive training modules using Articulate Storyline. Combined instructional design principles with multimedia to create engaging learning experiences."
1<strong>67</strong>,o(M6_j*8s,Sahil Singhania,"Forensic Accountant with an understanding of fraud detection and financial investigation techniques. Analyzed case studies on corporate fraud to identify red flags and internal control weaknesses."
168,p(L5*i)9t,Aditi Mishra,"Data Privacy consultant with knowledge of GDPR and CCPA. Conducted a privacy impact assessment for a conceptual mobile application. Passionate about protecting user data and promoting ethical tech."
169,q)K4-h_0u,Abhinav Sharma,"Augmented Reality (AR) developer with experience using Unity and ARKit. Created an AR application that overlays information onto real-world objects. Eager to build immersive experiences."
170,r)J3=g(1v,Nisha Desai,"Librarian with a Master's in Library & Information Science. Experience in cataloging, digital archives, and providing research assistance to students. Proficient with library management systems."
171,s(I2_f*2w,Jay Varma,"Marine Biologist with scuba certification and experience in underwater data collection. Participated in a coral reef monitoring project. Dedicated to marine conservation."
172,t(H1*e)3x,Kriti Tandon,"Bioinformatics specialist with skills in genomic data analysis using Python and Bioconductor. Wrote scripts to automate DNA sequence alignment and analysis."
173,u)G9-d_4y,Nakul Mehra,"Urban Planner who has worked on a zoning analysis project for a local municipality. Proficient in GIS software and knowledgeable about sustainable urban development principles."
174,v)F8=c(5z,Dia Mirza,"Sustainability Consultant who helped a university department develop a waste reduction plan, resulting in a 15% decrease in landfill waste. Strong research and project management skills."
175,w(E7_b*6a,Girish Karnad,"Theatre Arts major with experience in stage management and lighting design. Worked on several university productions. Highly organized and works well under pressure."
176,x(D6*a)7b,Faisal Al-Qahtani,"Petroleum Engineer with internship experience on an offshore rig. Assisted with drilling fluid analysis and monitoring well performance data. Familiar with industry safety protocols."
177,y)C5-z_8c,Malaika Arora,"Choreographer with a background in contemporary and classical Indian dance. Choreographed award-winning pieces for dance competitions. Creative and an excellent teacher."
178,z)B4=y(9d,Parmeet Sethi,"Food Technologist with experience in product development and sensory evaluation. Worked on creating a new line of healthy snacks, from concept to prototype. Knowledgeable about food safety regulations."
179,a_A3_x*0e,Jaspreet Bumrah,"Statistician with expertise in experimental design and statistical modeling using SAS and R. Assisted a research team with data analysis for a clinical trial."
180,b_Z2*w)1f,Kiran Bedi,"Public Policy student with research experience in urban governance and social welfare programs. Co-authored a paper on the effectiveness of a local government initiative."
181,c*Y1)v-2g,Indra Nooyi,"Corporate Strategy intern with experience conducting market analysis and competitive intelligence reports. Assisted in the preparation of a 5-year strategic plan for a business unit."
182,d*X9-u_3h,Sachin Tendulkar,"Sports Physiotherapist student with clinical experience treating athletes. Skilled in manual therapy, injury assessment, and creating rehabilitation programs."
183,e)W8=t(4i,Lata Mangeshkar,"Vocalist and music theory student. Trained in Hindustani classical music for over 10 years. Performed at numerous cultural events. Possesses perfect pitch and strong improvisational skills."
184,f)V7_s*5j,Shah Rukh Khan,"Film Director with a portfolio of short films that have been screened at student film festivals. Skilled in screenwriting, cinematography, and editing. A passionate storyteller."
185,g(U6*r)6k,Aishwarya Rai,"Brand Manager with experience developing marketing strategies for a consumer goods brand. Managed a product launch campaign that exceeded sales targets by 20%. Strong analytical and leadership skills."
186,h(T5)q-7l,Deepak Chopra,"Wellness Coach with certification in yoga and meditation instruction. Led workshops on stress management and mindfulness for corporate clients. Empathetic and an excellent communicator."
187,i)S4-p_8m,Amartya Sen,"Development Economist who has conducted fieldwork in rural communities to study the impact of microfinance programs. Strong quantitative and qualitative research skills."
188,j)R3=o(9n,Priyanka Chopra,"International Relations specialist with a focus on human rights. Interned at an NGO, where she contributed to reports submitted to the United Nations. Fluent in English, Hindi, and French."
189,k(Q2_n*0o,Sania Mirza,"Professional Tennis Coach with experience training junior athletes. Developed personalized training regimens focusing on technical skill and physical conditioning. A motivational and strategic thinker."
190,l(P1*m)1p,Vikram Sarabhai,"Astrophysicist with research experience in radio astronomy. Analyzed data from a radio telescope to study galactic phenomena. Proficient in Python for scientific computing."
191,m)O9-l_2q,Homi Bhabha,"Nuclear Physicist with experience in a research lab simulating particle interactions. Strong background in quantum mechanics and mathematical physics. Co-authored a paper in a peer-reviewed journal."
192,n)N8=k(3r,Ratan Tata,"Venture Capital Analyst intern who sourced and evaluated early-stage startups for investment opportunities. Conducted due diligence and prepared investment memos. Strong financial acumen."
193,o(M7_j*4s,Mukesh Ambani,"Chemical Engineer with experience in optimizing large-scale petrochemical processes. Interned at a refinery where he worked on a project to improve energy efficiency."
194,p(L6*i)5t,Gautam Adani,"Infrastructure Project Manager with experience overseeing the development of a port logistics project. Skilled in budget management, contractor negotiation, and ensuring regulatory compliance."
195,q)K5-h_6u,Azim Premji,"Education Technology specialist who developed an interactive math learning module for primary school students. Focused on gamification and adaptive learning to improve student engagement."
196,r)J4=g(7v,Shiv Nadar,"Hardware Engineer who designed and prototyped a custom PCB for an IoT device. Skilled in circuit design, soldering, and firmware development. Proficient in Eagle and C++."
197,s(I3_f*8w,Narayana Murthy,"Software Architect intern who contributed to the design of a scalable microservices architecture for a cloud-native application. Strong understanding of system design principles and patterns."
198,t(H2*e)9x,Kiran Mazumdar-Shaw,"Biopharmaceutical entrepreneur who developed a business plan for a biotech startup focused on affordable diagnostics. Strong background in both science and business strategy."
199,u)G1-d_0y,Falguni Nayar,"E-commerce entrepreneur who built a successful online beauty retail brand from scratch. Expertise in digital marketing, supply chain management, and brand building."
200,v)F9=c(1z,Radhika Gupta,"Asset Management professional with experience as a junior portfolio manager. Developed quantitative models to inform investment decisions. Strong analytical skills and knowledge of financial markets."
201,w(E8_b*2a,Aarav Singh,"Data Analyst with expertise in SQL, Python (Pandas, Matplotlib), and Tableau. Created interactive dashboards for sales and marketing teams, leading to a 10% improvement in campaign tracking efficiency. Strong statistical analysis skills."
202,x(D7*a)3b,Diya Patel,"Frontend Developer specializing in Vue.js and TypeScript. Contributed to building a component library for a large-scale e-commerce site, improving code reusability and developer velocity. Passionate about web performance and accessibility."
203,y)C6-z_4c,Vihaan Kumar,"Mechanical Engineer with a focus on robotics and automation. Designed and built a robotic arm for a university competition using SolidWorks and Arduino. Proficient in C++ and control systems theory."
204,z)B5=y(5d,Zara Khan,"Digital Marketing Manager with a proven track record in SEO, SEM, and content strategy. Grew organic website traffic by 150% over one year for a B2B SaaS company. Certified in Google Ads and HubSpot."
205,a_A4_x*6e,Rohan Gupta,"Cybersecurity Analyst with experience in penetration testing and vulnerability assessment. Utilized tools like Metasploit and Wireshark to identify and report security flaws. Holds the Certified Ethical Hacker (CEH) certification."
206,b_Z3*w)7f,Saanvi Reddy,"UX Researcher skilled in qualitative and quantitative methods, including user interviews, surveys, and usability testing. Synthesized research findings to inform product design, resulting in a 20% increase in user satisfaction scores."
207,c*Y2)v-8g,Arjun Sharma,"Backend Developer proficient in Go (Golang) and microservices architecture. Developed high-throughput APIs for a fintech application, handling thousands of requests per second. Experienced with Docker, Kubernetes, and AWS."
208,d*X1-u_9h,Myra Ali,"Graphic Designer with a strong portfolio in branding and digital illustration. Led the rebranding initiative for a startup, creating a new logo, style guide, and marketing collateral. Expert in Adobe Illustrator and Photoshop."
209,e)W9=t(0i,Advik Singh,"AI/ML Engineer with a Master's degree in Computer Science. Specialized in Natural Language Processing (NLP). Developed a sentiment analysis model with 95% accuracy. Proficient in TensorFlow and PyTorch."
210,f)V8_s*1j,Kiara Mehta,"Human Resources Generalist with experience in employee relations, performance management, and recruitment. Implemented a new performance review system that improved employee feedback quality. SHRM-CP certified."
211,g(U7*r)2k,Ishaan Patel,"Finance Analyst with expertise in financial modeling and corporate valuation. Built complex LBO models for private equity deal analysis. Advanced proficiency in Excel and knowledge of Capital IQ."
212,h(T6)q-3l,Anika Verma,"Content Strategist who developed a multi-channel content plan that increased lead generation by 40%. Manages a team of writers and oversees the editorial calendar, focusing on data-driven content creation."
213,i)S5-p_4m,Reyansh Kumar,"Civil Engineer specializing in transportation and highway design. Used AutoCAD and Civil 3D to design road layouts and drainage systems for municipal projects. Knowledgeable about government regulations."
214,j)R4=o(5n,Samaira Desai,"Business Analyst with experience in the healthcare IT sector. Gathered requirements from clinicians and stakeholders to create detailed software requirement specifications for a new EMR module."
215,k(Q3_n*6o,Kabir Kapoor,"Cloud Solutions Architect, AWS certified, with experience designing and deploying scalable, secure, and cost-effective cloud infrastructure. Migrated a monolithic application to a microservices-based architecture on AWS."
216,l(P2*m)7p,Aanya Sharma,"Mobile Developer (iOS) with multiple apps on the App Store. Expert in Swift, SwiftUI, and Combine. Focused on writing clean, testable code and creating delightful user experiences."
217,m)O1-l_8q,Vivaan Reddy,"Data Engineer skilled in building and optimizing data pipelines using Apache Spark and Airflow. Designed and implemented a data warehouse solution that reduced query times by 50%. Proficient in Python and SQL."
218,n)N9=k(9r,Eva Khan,"Product Manager who successfully launched a new mobile app feature that increased daily active users by 15%. Expert in agile methodologies, user story writing, and roadmap planning."
219,o(M8_j*0s,Aarush Gupta,"IT Support Specialist with experience providing technical assistance in a corporate environment. Proficient in troubleshooting Windows/macOS, network issues, and Office 365. Known for excellent customer service skills."
220,p(L7*i)1t,Tara Singh,"Sales Executive who exceeded sales targets for four consecutive quarters. Specialized in B2B software sales, building strong client relationships, and closing complex deals. Trained in the Challenger Sale methodology."
221,q)K6-h_2u,Sai Kumar,"DevOps Engineer who automated infrastructure provisioning using Terraform and Ansible, reducing deployment time from hours to minutes. Experienced in monitoring and logging with Prometheus and Grafana."
222,r)J5=g(3v,Diya Malhotra,"Biotechnologist with research experience in CRISPR gene editing. Co-authored a publication in a peer-reviewed journal. Skilled in molecular biology techniques and data analysis."
223,s(I4_f*4w,Arnav Mehta,"Android Developer proficient in Kotlin and modern Android development practices. Re-architected a legacy app to use MVVM, improving its stability and maintainability. Passionate about app performance."
224,t(H3*e)5x,Riya Patel,"Marketing Analyst who uses data to drive marketing strategy. Analyzed customer segmentation and campaign performance to optimize marketing spend, achieving a 25% higher ROI. Expert in SQL and Tableau."
225,u)G2-d_6y,Zain Ahmed,"Full-Stack Developer with experience in the MERN stack (MongoDB, Express, React, Node.js). Built and deployed a web application from scratch for a startup client. Comfortable working on both frontend and backend."
226,v)F1=c(7z,Ishika Sharma,"Supply Chain Analyst who optimized inventory levels across multiple warehouses, reducing carrying costs by 18%. Used forecasting models and data analysis to improve demand planning accuracy."
227,w(E9_b*8a,Yusuf Khan,"Architect with a portfolio of sustainable and green building designs. Proficient in Revit and BIM modeling. Led a project that achieved LEED Gold certification. Strong understanding of building materials."
228,x(D8*a)9b,Shanaya Kapoor,"Public Relations specialist who secured placements in top-tier media outlets for technology clients. Manages media relations, crafts press releases, and develops strategic communication plans."
229,y)C7-z_0c,Veer Singh,"Electrical Engineer specializing in embedded systems design. Developed firmware in C/C++ for IoT devices. Experienced with schematic capture and PCB layout using Altium Designer."
230,z)B6=y(1d,Aadya Gupta,"Legal Counsel with experience in corporate law, focusing on contract negotiation and intellectual property. Advised on M&A transactions and managed the company's trademark portfolio."
231,a_A5_x*2e,Ibrahim Ali,"Network Security Engineer with expertise in firewall management, IDS/IPS, and VPN technologies. Designed and implemented network security policies for a large enterprise. CISSP certified."
232,b_Z4*w)3f,Anvi Sharma,"Customer Success Manager dedicated to maximizing client value and retention. Manages a portfolio of key accounts, conducts regular business reviews, and serves as a trusted advisor to clients."
233,c*Y3)v-4g,Dhruv Kumar,"Video Game Designer with credits on two released titles. Specialized in level design and game mechanics. Proficient with Unity and Unreal Engine. Creates engaging and balanced gameplay experiences."
234,d*X2-u_5h,Pari Mehta,"Clinical Research Coordinator who manages multiple clinical trials in oncology. Ensures adherence to protocols, manages regulatory documentation, and coordinates with research staff and patients."
235,e)W1=t(6i,Mohammad Rahman,"Quantitative Analyst (Quant) who develops trading algorithms using C++ and Python. Strong background in statistics, mathematics, and machine learning applied to financial markets."
236,f)V9_s*7j,Nisha Patel,"Technical Writer who creates clear, concise, and user-friendly documentation for complex software. Developed an online help center from scratch, reducing support ticket volume by 30%."
237,g(U8*r)8k,Krish Sharma,"Materials Scientist with research experience in developing lightweight composites for the aerospace industry. Skilled in material characterization techniques like SEM and XRD."
238,h(T7)q-9l,Serena D'souza,"Fashion Buyer for a major retail chain. Responsible for trend forecasting, vendor negotiation, and managing a multi-million dollar purchasing budget to curate seasonal collections."
239,i)S6-p_0m,Leo Marcus,"Food Scientist who developed a new plant-based protein product. Experienced in sensory evaluation, food chemistry, and scaling up production from lab to manufacturing."
240,j)R5=o(1n,Ananya Rao,"Environmental Consultant who conducts environmental impact assessments for infrastructure projects. Helps clients navigate regulatory compliance and develop sustainability strategies."
241,k(Q4_n*2o,Neel Verma,"Quality Assurance Manager who implemented an automated testing framework that increased test coverage by 80%. Manages a team of QA engineers and oversees all testing activities."
242,l(P3*m)3p,Sameera Reddy,"Physician Assistant (PA) with experience in emergency medicine. Skilled in patient assessment, diagnosis, and performing minor procedures in a high-pressure environment."
243,m)O2-l_4q,Farida Begum,"Social Worker (LCSW) providing counseling and support to at-risk youth. Develops intervention plans and connects families with community resources. Specializes in trauma-informed care."
244,n)N1=k(5r,Bennet Rodriguez,"Industrial Engineer who optimized a manufacturing assembly line, increasing throughput by 25%. Expert in Lean Six Sigma methodologies and process mapping."
245,o(M9_j*6s,Angela Chang,"Corporate Trainer who designs and delivers leadership development programs for managers. Creates engaging e-learning modules and workshops. Certified in various assessment tools."
246,p(L8*i)7t,Abhishek Tripathi,"Database Administrator (DBA) specializing in Oracle and SQL Server. Manages database security, performance tuning, and disaster recovery planning for enterprise-level systems."
247,q)K7-h_8u,Priyanka Bose,"Astrophysicist with postdoctoral research experience studying exoplanets. Analyzed data from the Kepler space telescope to identify and characterize new planetary systems."
248,r)J6=g(9v,Aarav Iyengar,"Music Composer for film and video games. Proficient with DAWs like Logic Pro X and a strong background in orchestration and music theory. Creates emotive and memorable scores."
249,s(I5_f*0w,Rhea Chawla,"Speech-Language Pathologist working in a pediatric clinic. Assesses and treats children with communication disorders. Develops individualized therapy plans to improve speech and language skills."
250,t(H4*e)1x,Rudra Pratap Singh,"Investment Banker specializing in technology M&A. Advised on several high-profile deals, performing financial modeling, valuation, and due diligence. Strong negotiation and analytical skills."
251,u)G3-d_2y,Ciara O'Donnell,"Veterinarian with a specialization in small animal surgery. Performs routine and complex surgical procedures in a busy animal hospital. Committed to compassionate patient care."
252,v)F2=c(3z,Kenji Tanaka,"Robotics Software Engineer who develops perception and navigation algorithms for autonomous vehicles. Expert in C++, Python, and the Robot Operating System (ROS)."
253,w(E1_b*4a,Fatima Al Jamil,"Urban Planner who designed a public transit improvement plan for a mid-sized city, focusing on accessibility and efficiency. Proficient in GIS and transportation modeling software."
254,x(D9*a)5b,Daniel Kim,"Animator who worked as a character animator on a feature animated film. Specializes in bringing characters to life with believable emotion and motion using Maya."
255,y)C8-z_6c,Maria Garcia,"International Aid Worker who has managed humanitarian projects in conflict zones. Experienced in grant management, logistics, and coordinating with local NGOs and government agencies."
256,z)B7=y(7d,Liam Murphy,"Brewmaster for a craft brewery. Developed several award-winning beer recipes. Manages all aspects of brewing, from recipe formulation to quality control and fermentation."
257,a_A6_x*8e,Chloe Dubois,"Art Curator who organized a major exhibition at a contemporary art museum. Responsible for research, artist selection, and exhibition design. Strong knowledge of art history."
258,b_Z5*w)9f,Mateo Hernandez,"Forensic Scientist specializing in DNA analysis. Processes evidence from crime scenes and provides expert testimony in court. Proficient with genetic sequencing and analysis software."
259,c*Y4)v-0g,Isabella Rossi,"Chef and restaurant owner known for innovative farm-to-table cuisine. Manages kitchen staff, menu development, and sourcing from local producers. Received critical acclaim for her restaurant."
260,d*X3-u_1h,Noah Williams,"Marine Biologist studying the impact of climate change on coral reef ecosystems. Conducts underwater surveys and analyzes data to inform conservation policies. Published author."
251,u)G3-d_2y,Ciara O'Donnell,"Veterinarian with a specialization in small animal surgery. Performs routine and complex surgical procedures in a busy animal hospital. Committed to compassionate patient care."
262,f)V1=s(3j,Amelia Chen,"Economist at a central bank, responsible for analyzing macroeconomic trends and forecasting inflation. Her research contributes to monetary policy decisions. Holds a PhD in Economics."
263,g(U9*r)4k,Lucas Schmidt,"Structural Engineer who designed the structural systems for high-rise buildings and bridges. Expert in seismic design and analysis using software like ETABS and SAP2000."
264,h(T8)q-5l,Olivia Beauchamp,"Diplomat serving in a foreign embassy. Manages bilateral relations, reports on political developments, and assists citizens abroad. Fluent in three languages."
265,i)S7-p_6m,Elijah Goldstein,"Philosopher and university professor specializing in ethics and political philosophy. Authored several books and articles on contemporary moral issues. A respected public intellectual."
266,j)R6=o(7n,Sofia Petrova,"Archaeologist who led an excavation that uncovered significant artifacts from a previously unknown ancient civilization. Expert in stratigraphy and artifact analysis."
267,k(Q5_n*8o,Benjamin Carter,"Journalist and foreign correspondent who has reported from conflict zones around the world. Known for in-depth investigative journalism and compelling storytelling. Winner of multiple journalism awards."
268,l(P4*m)9p,Ava Nguyen,"Neuroscientist conducting research on memory and learning. Uses techniques like fMRI and electrophysiology to study brain function. Published in high-impact scientific journals."
269,m)O3-l_0q,William O'Connell,"Librarian and Archivist at a national library. Manages rare book collections and digital preservation projects. Helps researchers access historical documents."
270,n)N2=k(1r,Grace Lee,"Policy Advisor for a government ministry, focusing on technology and data privacy legislation. Drafts policy papers and advises senior officials on complex regulatory issues."
271,o(M1_j*2s,James Brown,"Sociologist whose research focuses on urban inequality and social mobility. His work has influenced public policy and community development programs. Tenured professor at a major university."
272,p(L9*i)3t,Mia Wang,"Actuary who develops risk models for an insurance company to price policies and manage financial reserves. Fellow of the Society of Actuaries (FSA)."
273,q)K8-h_4u,Henry Jones,"Historian specializing in medieval European history. Authored a definitive book on the subject. Known for his engaging lectures and meticulous research."
274,r)J7=g(5v,Charlotte Davis,"Geologist working for an energy company, responsible for identifying new oil and gas exploration sites using seismic data interpretation. Expert in reservoir characterization."
275,s(I6_f*6w,Leo Tolstoy,"Novelist and creative writing professor. His debut novel won a prestigious literary award. Mentors emerging writers in a university MFA program."
276,t(H5*e)7x,Evelyn Reed,"Statistician who designs clinical trials for a pharmaceutical company. Ensures trial methodologies are robust and data analysis is accurate to meet regulatory standards."
277,u)G4-d_8y,David Chen,"Information Security Officer (CISO) for a Fortune 500 company. Responsible for the overall cybersecurity strategy, risk management, and compliance."
278,v)F3=c(9z,Victoria Beck,"Corporate Lawyer specializing in mergers and acquisitions. Has led legal teams on multi-billion dollar transactions. Partner at a top-tier law firm."
279,w(E2_b*0a,Michael Scott,"Regional Sales Manager who leads a high-performing team of sales representatives. Consistently exceeds regional sales quotas and has won multiple 'Manager of the Year' awards."
280,x(D1*a)1b,Pamela Halpert,"Office Administrator who ensures the smooth operation of a busy corporate office. Manages schedules, coordinates meetings, and provides support to executive staff. Highly organized."
281,y)C9-z_2c,James Kirk,"Systems Engineer for a space exploration agency. Responsible for the integration and testing of satellite subsystems. Ensures mission readiness and operational success."
282,z)B8=y(3d,Diana Prince,"Museum Curator specializing in ancient artifacts. Organized an internationally acclaimed exhibition on Greek pottery. Expert in art history and preservation."
283,a_A7_x*4e,Bruce Wayne,"Industrialist and Philanthropist. CEO of a multinational technology corporation. Manages a charitable foundation focused on urban renewal and crime reduction programs."
284,b_Z6*w)5f,Clark Kent,"Investigative Journalist for a major metropolitan newspaper. Known for uncovering corruption and breaking stories of national importance. Pulitzer Prize winner."
285,c*Y5)v-6g,Tony Stark,"Chief Engineer and CEO of a leading defense and technology company. Inventor of numerous groundbreaking technologies. Holds hundreds of patents."
286,d*X4-u_7h,Natasha Romanoff,"Intelligence Analyst for a government agency. Specializes in threat assessment and covert operations. Fluent in multiple languages and an expert in strategic analysis."
287,e)W3=t(8i,Steve Rogers,"Community Organizer for a non-profit focused on youth services. Leads outreach programs and mentorship initiatives in underserved neighborhoods. Known for his strong leadership."
288,f)V2_s*9j,Peter Parker,"Freelance Photographer for a news agency. Specializes in capturing breaking news events. His work is known for its immediacy and powerful composition."
289,g(U1*r)0k,Wanda Maximoff,"Market Research Analyst specializing in consumer psychology. Uses focus groups and statistical analysis to understand consumer behavior and predict market trends."
290,h(T9)q-1l,Vision Ultron,"AI Ethics and Safety Researcher. Develops frameworks and guidelines for the responsible development of artificial intelligence. Publishes research on AI alignment and control."
291,i)S8-p_2m,Bucky Barnes,"Mechanical Prosthetics Engineer. Designs and builds advanced prosthetic limbs for amputees. Focuses on improving functionality and user comfort through innovative design."
292,j)R7=o(3n,Sam Wilson,"Aerospace Consultant and Test Pilot. Advises on the design and performance of experimental aircraft. Has extensive flight experience with a variety of advanced aerial systems."
293,k(Q6_n*4o,T'Challa Udaku,"Head of State and Chief Technology Officer. Manages national policy while overseeing the development of advanced technologies for his country. Focuses on sustainable development."
294,l(P5*m)5p,Shuri Udaku,"Lead Scientist and Head of R&D for a national technology lab. Inventor of numerous advanced technologies in medicine, materials science, and communications."
295,m)O4-l_6q,Scott Lang,"Security Systems Consultant. Specializes in physical penetration testing for high-security facilities. Identifies and mitigates vulnerabilities in security protocols and hardware."
296,n)N3=k(7r,Hope Pym,"Entomologist and CEO of a research institute. Her work focuses on insect biology and its applications in technology and agriculture. Manages a large team of scientists."
297,o(M2_j*8s,Carol Danvers,"Commercial Airline Pilot and Safety Inspector. Flies long-haul international routes and also conducts safety audits and incident investigations for an aviation authority."
298,p(L1*i)9t,Nick Fury,"Director of a global security agency. Manages intelligence operations, coordinates international teams, and develops long-term strategic security initiatives."
299,q)K9-h_0u,Maria Hill,"Deputy Director and Operations Commander. Responsible for the tactical execution of large-scale security operations and managing agency logistics. Expert in strategic planning."
300,r)J8=g(1v,Phil Coulson,"Lead Archivist and Field Historian for a historical preservation society. Recovers and preserves artifacts of historical significance and manages the organization's extensive archives."
301,s(I7_f*7w,Aarav Patil,"Data Analyst specializing in e-commerce analytics. Used SQL and Python to analyze customer purchasing behavior, leading to a 15% increase in repeat purchases through targeted campaigns. Proficient in creating insightful dashboards with Tableau."
302,t(H6*e)8x,Aditi Narayan,"Frontend Developer with expertise in React Native. Developed and launched a cross-platform mobile application for a startup, now available on both the App Store and Google Play. Passionate about creating seamless mobile user experiences."
303,u)G5-d_9y,Advait Deshpande,"Mechanical Engineer with a focus on sustainable energy systems. Designed a small-scale wind turbine for a university project, optimizing blade design for low-wind conditions using CFD analysis. Eager to work in the renewable energy sector."
304,v)F4=c(0z,Aisha Kapoor,"Digital Marketing Specialist with a strong background in content marketing and SEO. Developed a content strategy that doubled organic traffic in six months. Skilled in using Ahrefs, SEMrush, and Google Analytics to drive growth."
305,w(E3_b*1a,Akshay Kumar,"Cybersecurity Analyst with hands-on experience in threat hunting and incident response. Monitored network traffic using SIEM tools like Splunk and identified several potential security breaches. CompTIA CySA+ certified."
306,x(D2*a)2b,Alia Bhatt,"UX Researcher who conducted foundational research for a new fintech product. Utilized methods like diary studies and contextual inquiry to uncover deep user insights that shaped the product strategy."
307,y)C1-z_3c,Amitabh Bachchan,"Backend Developer proficient in Java and the Spring Boot framework. Built robust and scalable microservices for a large-scale financial platform. Experienced with REST APIs, Kafka, and relational databases."
308,z)B9=y(4d,Anushka Sharma,"Graphic Designer and Illustrator with a distinctive artistic style. Created a series of illustrations for a children's book and designed marketing collateral for a non-profit organization. Expert in Adobe Illustrator and Procreate."
309,a_A8_x*5e,Arjun Reddy,"AI/ML Engineer specializing in computer vision. Developed an object detection model to identify manufacturing defects with 98% accuracy. Proficient with OpenCV, YOLO, and PyTorch."
310,b_Z7*w)6f,Bipasha Basu,"Human Resources Manager with experience in talent management and organizational development. Led a company-wide initiative to improve employee engagement, resulting in a 10-point increase in satisfaction scores."
311,c*Y6)v-7g,Chirag Kumar,"Financial Analyst with expertise in equity research. Developed detailed financial models to evaluate publicly traded tech companies, providing buy/sell recommendations. Strong understanding of valuation methodologies."
312,d*X5-u_8h,Deepika Padukone,"Content Strategist for a B2B SaaS company. Created a comprehensive library of white papers, case studies, and blog posts that established the company as a thought leader in its industry. Manages the editorial calendar."
313,e)W4=t(9i,Emraan Hashmi,"Civil Engineer with experience in project management for commercial construction. Oversaw a multi-million dollar construction project, ensuring it was completed on time and within budget. PMP certified."
314,f)V3_s*0j,Freida Pinto,"Business Analyst who gathered requirements for a complex logistics software implementation. Facilitated workshops with stakeholders and created detailed user stories and process maps in Jira."
315,g(U2*r)1k,Gautam Gambhir,"Cloud Security Engineer, certified in AWS Security. Implemented security controls and automated compliance checks in a multi-account AWS environment. Experienced with IAM, GuardDuty, and security groups."
316,h(T1)q-2l,Huma Qureshi,"iOS Developer who led the development of a health and fitness app. Implemented features using HealthKit and CoreML. Focused on writing clean, scalable code in Swift."
317,i)S9-p_3m,Imran Khan,"Data Engineer who designed and built a real-time data streaming pipeline using Kafka and Flink. Enabled the analytics team to access up-to-the-minute data, improving business intelligence."
318,j)R8=o(4n,Juhi Chawla,"Product Manager who managed the lifecycle of a B2C subscription service. Conducted A/B tests to optimize pricing and packaging, resulting in a 20% uplift in monthly recurring revenue."
319,k(Q7_n*5o,Kajol Devgan,"IT Support Lead who manages a team providing technical support to over 500 employees. Implemented a new ticketing system that improved response times and user satisfaction."
320,l(P6*m)6p,Kangana Ranaut,"Sales Director who built a high-performing sales team from the ground up. Developed a new sales playbook and training program that led to a 200% increase in annual revenue over two years."
321,m)O5-l_7q,Kareena Kapoor,"DevOps Engineer who championed the adoption of GitOps practices. Used Argo CD and Kubernetes to manage application deployments, improving reliability and developer autonomy."
322,n)N4=k(8r,Kartik Aaryan,"Biotechnologist specializing in yeast fermentation for biofuel production. Optimized fermentation processes, increasing ethanol yield by 12%. Skilled in lab-scale bioreactors and analytical chemistry."
323,o(M3_j*9s,Katrina Kaif,"Android Developer who specializes in app performance optimization. Reduced app startup time by 40% and eliminated memory leaks in a popular social media app. Proficient in Kotlin and Profiler tools."
324,p(L2*i)0t,Kiara Advani,"Marketing Automation Specialist with expertise in Marketo and Salesforce. Designed and implemented complex lead nurturing campaigns that improved lead-to-customer conversion rates by 25%."
325,q)K1-h_1u,Kriti Sanon,"Full-Stack Developer with experience using Python (Django) for the backend and React for the frontend. Built a custom CRM system for a small business. Comfortable with all aspects of web development."
326,r)J9=g(2v,Madhuri Dixit,"Supply Chain Manager who redesigned a company's distribution network, resulting in a 15% reduction in transportation costs and improved delivery times. Expert in logistics and inventory planning."
327,s(I8_f*3w,Malaika Arora,"Architect with a focus on sustainable residential design. Designed passive solar homes that significantly reduce energy consumption. Proficient in ArchiCAD and environmental modeling software."
328,t(H7*e)4x,Manoj Bajpayee,"Public Relations Director who managed crisis communications for a major corporation during a product recall. Successfully protected the brand's reputation through strategic and transparent messaging."
329,u)G6-d_5y,Nargis Fakhri,"Electrical Engineer specializing in power systems. Worked on the design and analysis of electrical grids and substations. Proficient in ETAP and power flow simulation."
330,v)F5=c(6z,Nawazuddin Siddiqui,"Legal Counsel specializing in data privacy and technology law (GDPR, CCPA). Advised product teams on compliance-by-design, minimizing legal risks for new product launches."
331,w(E4_b*7a,Paresh Rawal,"Network Architect who designed and implemented a global WAN for a multinational corporation. Expert in SD-WAN, BGP, and network security architecture. CCIE certified."
332,x(D3*a)8b,Parineeti Chopra,"Customer Success Director who leads a team responsible for a portfolio of enterprise clients. Developed a customer health scoring system to proactively identify and mitigate churn risk."
333,y)C2-z_9c,Pooja Hegde,"Game Designer focused on narrative and quest design for open-world RPGs. Wrote branching dialogues and designed compelling questlines for a major AAA title."
334,z)B1=y(0d,Prabhas Raju,"Clinical Trial Manager overseeing international oncology studies. Manages budgets, timelines, and CRO relationships to ensure trials are conducted efficiently and in compliance with regulations."
335,a_A9_x*1e,Preity Zinta,"Quantitative Researcher who develops statistical arbitrage strategies for a hedge fund. Utilizes machine learning and time-series analysis to model financial markets. Proficient in Python and C++."
336,b_Z8*w)2f,Priyanka Chopra,"Technical Writer for a cybersecurity firm. Creates clear and concise documentation for complex security software, including administrator guides and API references."
337,c*Y7)v-3g,Rajkummar Rao,"Materials Scientist who developed a new biodegradable polymer with enhanced strength properties. Research has applications in sustainable packaging. Published in the Journal of Polymer Science."
338,d*X6-u_4h,Ranbir Kapoor,"Fashion Photographer whose work has been featured in major fashion magazines. Known for a distinct creative vision and expert use of lighting. Manages all aspects of photoshoots, from concept to post-production."
339,e)W5=t(5i,Randeep Hooda,"Food Scientist specializing in flavor chemistry. Works in an R&D lab creating new flavor profiles for beverages. Experienced with GC-MS and sensory panel testing."
340,f)V4_s*6j,Rani Mukerji,"Environmental Policy Analyst for a non-profit. Researches and advocates for policies related to climate change and conservation. Authored reports that have influenced legislative action."
341,g(U3*r)7k,Ranveer Singh,"Quality Assurance (QA) Director who established the QA function at a fast-growing tech startup. Implemented a comprehensive strategy blending manual, automated, and performance testing."
342,h(T2)q-8l,Raveena Tandon,"Physician (MD) specializing in internal medicine. Provides primary care in a hospital setting. Manages complex chronic diseases and focuses on preventative health."
343,i)S1-p_9m,Rekha Ganesan,"Social Worker (LCSW) specializing in geriatric care. Provides counseling and case management for elderly clients and their families, navigating healthcare and social support systems."
344,j)R9=o(0n,Rishi Kapoor,"Industrial Engineer who implemented a Lean manufacturing program that resulted in a 30% improvement in production efficiency. Certified Lean Six Sigma Black Belt."
345,k(Q8_n*1o,Riteish Deshmukh,"Corporate Trainer specializing in soft skills development. Designs and delivers workshops on communication, leadership, and teamwork for corporate clients."
346,l(P7*m)2p,Saif Ali Khan,"Database Architect who designed a highly available and scalable database system for a major e-commerce platform. Expert in database sharding, replication, and performance optimization."
347,m)O6-l_3q,Salman Khan,"Astrophysicist conducting research on black holes and gravitational waves. Analyzes data from the LIGO experiment. Holds a PhD and has a strong publication record."
348,n)N5=k(4r,Sanjay Dutt,"Music Producer who has produced albums for several well-known artists. Expert in audio engineering, mixing, and mastering using Pro Tools and Ableton Live."
349,o(M4_j*5s,Shahid Kapoor,"Speech-Language Pathologist who works with adults recovering from strokes. Develops therapy plans to address aphasia and dysphagia. Certified in clinical competence (CCC-SLP)."
350,p(L3*i)6t,Shah Rukh Khan,"Investment Banker specializing in healthcare M&A. Advised on landmark deals in the pharmaceutical and biotech sectors. Manages deal execution from start to finish."
351,q)K2-h_7u,Sharmila Tagore,"Veterinarian specializing in exotic animal medicine. Provides medical care for animals in a zoo setting. Experienced in diagnostics and surgery for a wide range of species."
352,r)J1=g(8v,Shilpa Shetty,"Robotics Software Engineer who developed the motion planning software for an autonomous warehouse robot. Expert in C++, Python, and ROS2."
353,s(I9_f*9w,Shraddha Kapoor,"Urban Planner who created a master plan for a new sustainable urban development. Focused on mixed-use zoning, public transit, and green spaces. Proficient in GIS."
354,t(H8*e)0x,Sidharth Malhotra,"Animator who worked as a lead rigging artist on an animated TV series. Created complex character rigs to enable expressive and dynamic animation. Proficient in Maya."
355,u)G7-d_1y,Sonakshi Sinha,"International Development professional managing public health programs in Southeast Asia. Works with local governments and NGOs to improve healthcare access. Master's in Public Health."
356,v)F6=c(2z,Sonam Kapoor,"Art Director for an advertising agency. Develops the visual concepts for major advertising campaigns. Manages a team of designers and photographers to execute the creative vision."
357,w(E5_b*3a,Sridevi Kapoor,"Forensic Scientist specializing in toxicology. Analyzes samples for the presence of drugs and poisons to aid in criminal investigations. Provides expert testimony in court."
358,x(D4*a)4b,Suniel Shetty,"Restaurant Operations Manager for a chain of fine-dining restaurants. Oversees all aspects of operations, including staff management, inventory, and ensuring exceptional customer service."
359,y)C3-z_5c,Sunny Deol,"Marine Biologist studying deep-sea ecosystems using remotely operated vehicles (ROVs). Discovered several new species of marine life. PhD in Marine Biology."
360,z)B2=y(6d,Sushmita Sen,"Economist working for the World Bank. Analyzes economic development projects and their impact on poverty reduction. Specializes in the economies of developing nations."
361,a_A1_x*7e,Tabu Hashmi,"Structural Engineer who designed the seismic retrofitting for a historic landmark building, preserving its architecture while ensuring safety. Expert in performance-based design."
362,b_Z9*w)8f,Taapsee Pannu,"Diplomat and cultural attach at an embassy. Promotes cultural exchange programs and fosters international relations through arts and education initiatives."
363,c*Y8)v-9g,Tiger Shroff,"Ethicist and university professor specializing in bioethics. Publishes research on the ethical implications of genetic engineering and artificial intelligence in medicine."
364,d*X7-u_0h,Urmila Matondkar,"Archaeologist who uses satellite imagery and remote sensing to discover and map ancient sites. Led an expedition that identified a lost city in the desert."
365,e)W6=t(1i,Varun Dhawan,"Journalist and investigative reporter who uncovered a major corporate fraud scandal. Her reporting led to government investigations and policy changes. Recipient of the Peabody Award."
366,f)V5_s*2j,Vidya Balan,"Neuroscientist whose research focuses on the neural basis of decision-making. Uses fMRI to study brain activity during complex tasks. Published in Nature Neuroscience."
367,g(U4*r)3k,Vivek Oberoi,"Archivist for a national film institute. Manages the preservation and digitization of classic films. Curates film series and helps researchers access archival footage."
3-68,h(T3)q-4l,Yami Gautam,"Policy Advisor in the energy sector. Focuses on renewable energy policy and grid modernization. Drafts legislation and advises government officials on energy strategy."
369,i)S2-p_5m,Zarine Khan,"Sociologist studying the impact of social media on youth mental health. Her research has been widely cited and influences school wellness programs. Tenured university professor."
370,j)R1=o(6n,John Abraham,"Actuary who leads a pricing team for a large insurance company. Develops models to assess risk and determine pricing for new insurance products. Fellow of the Casualty Actuarial Society (FCAS)."
371,k(Q9_n*7o,Abhay Deol,"Historian and author who wrote a best-selling book on the economic history of the Silk Road. Known for making complex historical topics accessible to a general audience."
372,l(P8*m)8p,Ajay Devgn,"Geologist specializing in volcanology. Monitors active volcanoes and uses geological data to forecast eruptions and assess hazards. Works closely with emergency management agencies."
373,m)O7-l_9q,Akshaye Khanna,"Novelist and creative writing professor. Her works of literary fiction have been nominated for major awards. She mentors graduate students in her university's MFA program."
374,n)N6=k(0r,Ameesha Patel,"Statistician who designs and analyzes clinical trials for oncology drugs. Ensures statistical rigor and compliance with FDA guidelines. PhD in Biostatistics."
375,o(M5_j*1s,Anil Kapoor,"Chief Information Security Officer (CISO) who developed and implemented a global cybersecurity strategy for a financial services firm, significantly reducing security incidents."
376,p(L4*i)2t,Anupam Kher,"Corporate Lawyer who is a partner at a leading law firm. Specializes in complex litigation and has represented Fortune 500 companies in high-stakes cases."
377,q)K3-h_3u,Aftab Shivdasani,"Sales Manager for a medical device company. Leads a team that consistently exceeds sales targets for surgical equipment. Strong relationships with key opinion leaders in the medical community."
378,r)J2=g(4v,Arshad Warsi,"Systems Engineer for a satellite communications company. Responsible for designing and testing the ground control systems that manage satellite constellations."
379,s(I1_f*5w,Ayushmann Khurrana,"Museum Director who increased museum attendance and community engagement by 50%. Secured funding for major new exhibitions and educational programs."
380,t(H9*e)6x,Bobby Deol,"Industrial Psychologist who consults with companies to improve workplace culture and employee productivity. Specializes in leadership assessment and team dynamics."
381,u)G8-d_7y,Boman Irani,"Chief Financial Officer (CFO) for a publicly traded technology company. Manages all financial operations, including investor relations, capital raising, and strategic financial planning."
382,v)F7=c(8z,Celina Jaitly,"Climate Scientist whose research on polar ice melt has been instrumental in shaping our understanding of climate change. Her work is frequently cited in IPCC reports."
383,w(E6_b*9a,Chitrangda Singh,"Logistics Director for a global retailer. Manages a complex network of distribution centers and transportation, ensuring timely and cost-effective delivery of goods."
384,x(D5*a)0b,Dia Mirza,"Conservation Biologist working to protect endangered species. Leads fieldwork expeditions and uses genetic data to develop conservation strategies."
385,y)C4-z_1c,Dino Morea,"Lead Software Architect for a large-scale SaaS platform. Makes high-level design choices and dictates technical standards, including platforms, tools, and coding standards."
386,z)B3=y(2d,Esha Deol,"Head of User Research at a major tech company. Leads a team that conducts generative and evaluative research to inform product strategy for millions of users."
387,a_A2_x*3e,Fardeen Khan,"Chief Marketing Officer (CMO) who led a successful rebranding of a consumer electronics company, resulting in a significant increase in market share."
388,b_Z1*w)4f,Govinda Ahuja,"Head of Animation at a major film studio. Oversees the creative and technical direction of animated feature films, managing hundreds of animators and artists."
389,c*Y9)v-5g,Gracy Singh,"Chief People Officer (CPO) who transformed the culture of a fast-growing startup. Implemented programs for diversity and inclusion, learning and development, and employee wellness."
390,d*X8-u_6h,Gul Panag,"Commercial Airline Pilot and certified flight instructor. Flies the Boeing 777 on international routes and is an advocate for women in aviation."
391,e)W7=t(7i,Harman Baweja,"Head of Product for a fintech company. Manages the entire product portfolio, from payment processing to lending products, and defines the long-term product vision."
392,f)V6_s*8j,Helen Richardson,"Choreographer and dance historian. An expert in various forms of dance, she has choreographed for film and stage and authored a book on the history of dance in cinema."
393,g(U5*r)9k,Himesh Reshammiya,"Music Composer and Producer who has scored over 100 films. Known for a unique musical style and has launched the careers of many singers."
394,h(T4)q-0l,Hrithik Roshan,"Head of Visual Effects (VFX) for a leading studio. Oversees the execution of complex VFX for blockbuster films, pushing the boundaries of what is possible with digital effects."
395,i)S3-p_1m,Ileana D'Cruz,"Head of Global Communications for a luxury brand. Manages the brand's image across all international markets, overseeing PR, events, and influencer marketing."
396,j)R2=o(2n,Irrfan Khan,"Professor of Acting at a prestigious drama school. A highly respected actor himself, he trains the next generation of performers in technique and character development."
397,k(Q1_n*3o,Isha Koppikar,"Venture Partner at a venture capital firm specializing in deep tech and AI startups. She sources deals, conducts due diligence, and mentors portfolio company founders."
398,l(P9*m)4p,Jacqueline Fernandez,"Brand Ambassador and social media influencer for health and wellness brands. Has a massive online following and creates content focused on fitness, nutrition, and mindful living."
399,m)O8-l_5q,Jimmy Sheirgill,"Head of Independent Film Production at a film studio. He champions unique and emerging filmmakers, acquiring and developing scripts for production."
400,n)N7=k(6r,John Lever,"Chief Technology Officer (CTO) for a machine learning startup. Leads the research and development of novel algorithms and is responsible for the company's overall technology strategy."
401,o(M6_j*7s,Aarav Singh,"Software Engineer with 5+ years of experience in building scalable backend systems using Go and Python. Proficient in microservices architecture, Docker, Kubernetes, and AWS. Led the development of a real-time data processing pipeline that handles 100,000+ events per second."
402,p(L5*i)8t,Diya Patel,"Frontend Developer specializing in React and Next.js. Expert in building performant, accessible, and responsive user interfaces. Developed a component library that is now used across the entire organization, improving development speed by 30%."
403,q)K4-h_9u,Vihaan Kumar,"Data Scientist with a Master's in CS and a focus on Machine Learning. Developed a customer churn prediction model with 92% accuracy using XGBoost. Skilled in Python (Pandas, Scikit-learn, TensorFlow) and SQL."
404,r)J3=g(0v,Zara Khan,"Cloud Engineer, AWS Certified Solutions Architect - Professional. Designed and implemented a multi-region, highly available infrastructure using Terraform and Ansible. Reduced monthly cloud spend by 20% through cost optimization strategies."
405,s(I2_f*1w,Rohan Gupta,"Cybersecurity Analyst with experience in vulnerability management and incident response. Conducted penetration tests on web applications and corporate networks, identifying critical vulnerabilities. Proficient with tools like Metasploit, Nmap, and Splunk."
406,t(H1*e)2x,Saanvi Reddy,"DevOps Engineer with a strong background in automating CI/CD pipelines using Jenkins and GitLab CI. Implemented a GitOps workflow with Argo CD on a Kubernetes cluster, achieving zero-downtime deployments."
407,u)G9-d_3y,Arjun Sharma,"Mobile Developer (Android) with over 6 years of experience. Expert in Kotlin, Jetpack Compose, and modern Android architecture (MVVM). Led the development of an app with over 1 million downloads on the Play Store."
408,v)F8=c(4z,Myra Ali,"Full-Stack Developer proficient in the MERN stack (MongoDB, Express.js, React, Node.js). Built and maintained a complex SaaS application, working on both the REST API backend and the single-page application frontend."
409,w(E7_b*5a,Advik Singh,"AI/ML Engineer specializing in Natural Language Processing (NLP). Developed and deployed a question-answering system using Transformer models (BERT). Skilled in PyTorch, Hugging Face, and building production-ready ML systems."
410,x(D6*a)6b,Kiara Mehta,"Database Administrator (DBA) with expertise in PostgreSQL and MySQL. Manages performance tuning, backup/recovery, and high-availability replication for mission-critical databases. Experienced in query optimization and schema design."
411,y)C5-z_7c,Ishaan Patel,"Software Engineer in Test (SDET). Designed and built an end-to-end automated testing framework from scratch using Python, Pytest, and Selenium. Increased test coverage from 20% to 85%."
412,z)B4=y(8d,Anika Verma,"Product Manager, Technical. Manages a portfolio of API and platform products. Defines the product roadmap, writes detailed PRDs with technical specifications, and works closely with engineering teams in an agile environment."
413,a_A3_x*9e,Reyansh Kumar,"Data Engineer who builds and maintains large-scale data pipelines using Apache Spark and Airflow. Designed a data lake architecture on AWS S3, enabling efficient data processing and analytics for the entire company."
414,b_Z2*w)0f,Samaira Desai,"UX/UI Designer for complex enterprise software. Specializes in creating intuitive interfaces for data-heavy applications. Proficient in Figma, user research, and interaction design. Led the redesign of a dashboard used by thousands of daily users."
415,c*Y1)v-1g,Kabir Kapoor,"Mobile Developer (iOS) with deep expertise in Swift, SwiftUI, and Combine. Architected and led the development of a high-performance video editing application for the iPhone and iPad."
416,d*X9-u_2h,Aanya Sharma,"Site Reliability Engineer (SRE) focused on maintaining the reliability and performance of distributed systems. Implemented observability stacks with Prometheus and Grafana. Reduced system latency by 30%."
417,e)W8=t(3i,Vivaan Reddy,"Backend Engineer specializing in Elixir and Phoenix. Built highly concurrent, fault-tolerant systems for a real-time communications platform. Strong understanding of functional programming and the BEAM VM."
418,f)V7_s*4j,Eva Khan,"Cloud Security Engineer who automates security controls and compliance in AWS and Azure environments. Implemented security-as-code using tools like Terraform and AWS CloudFormation. CISSP certified."
419,g(U6*r)5k,Aarush Gupta,"Frontend Engineer specializing in performance optimization. Improved the Google Lighthouse score of a major e-commerce website from 60 to 95 through code splitting, lazy loading, and image optimization."
420,h(T5)q-6l,Tara Singh,"Data Scientist with a PhD in Statistics. Specializes in causal inference and experimentation. Designed and analyzed A/B tests that led to significant improvements in user engagement and revenue."
421,i)S4-p_7m,Sai Kumar,"Systems Engineer with expertise in Linux administration and network engineering. Manages a large fleet of servers, ensuring high availability and performance. Proficient in shell scripting and automation."
422,j)R3=o(8n,Diya Malhotra,"Technical Program Manager (TPM). Manages large, cross-functional engineering projects from conception to launch. Coordinates between multiple teams (backend, frontend, mobile, SRE) to ensure timely delivery."
423,k(Q2_n*9o,Arnav Mehta,"Blockchain Developer with experience in writing and auditing Solidity smart contracts for DeFi protocols on the Ethereum blockchain. Familiar with tools like Hardhat and Foundry."
424,l(P1*m)0p,Riya Patel,"Game Developer proficient in C++ and Unreal Engine. Worked as a gameplay programmer on a AAA console game, implementing character controls, AI behavior, and game mechanics."
425,m)O9-l_1q,Zain Ahmed,"Firmware Engineer who develops low-level software in C and C++ for embedded systems and IoT devices. Experienced with RTOS, device drivers, and hardware bring-up."
426,n)N8=k(2r,Ishika Sharma,"Machine Learning Operations (MLOps) Engineer. Builds and maintains the infrastructure for training and deploying machine learning models at scale. Experienced with Kubeflow, MLflow, and cloud ML platforms."
427,o(M7_j*3s,Yusuf Khan,"Security Architect who designs the security posture for enterprise systems. Specializes in zero-trust architecture and cloud-native security. Develops security standards and best practices for the organization."
428,p(L6*i)4t,Shanaya Kapoor,"Technical Writer for developer-focused products. Creates clear and comprehensive API documentation, tutorials, and getting-started guides. Experienced with Markdown, Git, and documentation-as-code workflows."
429,q)K5-h_5u,Veer Singh,"Robotics Software Engineer with expertise in perception and SLAM (Simultaneous Localization and Mapping) algorithms. Developed software for autonomous drones using C++ and ROS."
4<u>30</u>,r)J4=g(6v,Aadya Gupta,"Solutions Architect who works with enterprise clients to design and implement solutions on our SaaS platform. Translates business requirements into technical architecture diagrams and implementation plans."
431,s(I3_f*7w,Ibrahim Ali,"Network Automation Engineer. Uses Python and Ansible to automate the configuration and management of network devices (routers, switches, firewalls). Reduced manual configuration errors by 95%."
432,t(H2*e)8x,Anvi Sharma,"Quantitative Developer (Quant). Builds and maintains the software infrastructure for a high-frequency trading desk. Expert in low-latency C++ programming and financial data analysis."
433,u)G1-d_9y,Dhruv Kumar,"Web Developer with expertise in PHP and Laravel. Built and maintained several complex web applications and content management systems. Strong understanding of MVC architecture and SQL."
434,v)F9=c(0z,Pari Mehta,"Business Intelligence (BI) Developer. Designs and builds data models and dashboards using Power BI and SQL Server Analysis Services (SSAS). Empowers business users with self-service analytics."
435,w(E8_b*1a,Mohammad Rahman,"Software Engineer specializing in search technologies. Implemented and optimized search functionality using Elasticsearch, improving search relevance and performance for an e-commerce platform."
436,x(D7*a)2b,Nisha Patel,"Technical Recruiter with a deep understanding of the tech landscape. Specializes in sourcing and hiring for hard-to-fill senior engineering roles (e.g., Staff/Principal Engineers)."
437,y)C6-z_3c,Krish Sharma,"Computer Graphics Engineer. Develops rendering techniques and shaders for a real-time 3D engine using C++ and Vulkan/OpenGL. Strong background in linear algebra and graphics pipelines."
438,z)B5=y(4d,Serena D'souza,"Web3 Developer with experience building decentralized applications (dApps) using React, Ethers.js, and The Graph. Built a fully functional NFT marketplace."
439,a_A4_x*5e,Leo Marcus,"Systems Administrator with extensive experience managing Windows Server environments, including Active Directory, Group Policy, and Exchange. MCSA certified."
440,b_Z3*w)6f,Ananya Rao,"Machine Learning Researcher with a focus on reinforcement learning. Published research on novel algorithms for autonomous agents. PhD in AI from a top university."
441,c*Y2)v-7g,Neel Verma,"IT Auditor specializing in technology risk and compliance. Conducts audits of IT general controls, cybersecurity frameworks (NIST, ISO 27001), and cloud environments. CISA certified."
442,d*X1-u_8h,Sameera Reddy,"QA Automation Engineer with expertise in mobile test automation using Appium. Built a testing framework to run automated UI tests on hundreds of real iOS and Android devices in a device farm."
443,e)W9=t(9i,Farida Begum,"Data Warehouse Architect. Designed and implemented a modern cloud data warehouse using Snowflake. Migrated legacy data systems with minimal downtime."
444,f)V8_s*0j,Bennet Rodriguez,"Unity Developer with experience creating 3D games and interactive simulations. Proficient in C# and the Unity engine. Developed a VR training simulation for an industrial client."
445,g(U7*r)1k,Angela Chang,"Scrum Master who facilitates agile ceremonies for multiple software development teams. Coaches teams on agile principles, removes impediments, and fosters an environment of continuous improvement. Certified ScrumMaster (CSM)."
446,h(T6)q-2l,Abhishek Tripathi,"Platform Engineer who builds and maintains the internal developer platform (IDP). Creates tools and services that improve developer productivity and streamline the software development lifecycle."
447,i)S5-p_3m,Priyanka Bose,"Big Data Engineer with experience in the Hadoop ecosystem (HDFS, MapReduce, Hive). Processes terabytes of data daily using distributed computing frameworks."
448,j)R4=o(4n,Aarav Iyengar,"Embedded Software Engineer developing software for automotive ECUs. Writes safety-critical code in C compliant with AUTOSAR and MISRA C standards."
449,k(Q3_n*5o,Rhea Chawla,"Developer Advocate who engages with the developer community by creating technical content (blog posts, videos), speaking at conferences, and managing open-source projects."
450,l(P2*m)6p,Rudra Pratap Singh,"Compiler Engineer who works on the development of a custom programming language. Experience with LLVM and building compiler frontends and optimization passes."
451,m)O1-l_7q,Ciara O'Donnell,"Growth Engineer who applies a data-driven approach to product development. Focuses on running rapid A/B tests and experiments to improve user acquisition, activation, and retention metrics."
452,n)N9=k(8r,Kenji Tanaka,"Virtual Reality (VR) Developer. Creates immersive VR experiences using Unreal Engine and C++. Developed a collaborative design review application for architects and engineers."
453,o(M8_j*9s,Fatima Al Jamil,"Data Privacy Engineer. Implements technical solutions to protect user data and ensure compliance with regulations like GDPR. Builds tools for data anonymization and consent management."
454,p(L7*i)0t,Daniel Kim,"Software Engineer, Distributed Systems. Designs and builds highly scalable and fault-tolerant systems. Deep understanding of consensus algorithms (like Raft, Paxos) and distributed databases."
455,q)K6-h_1u,Maria Garcia,"Hardware Engineer who designs and validates PCBs for consumer electronics. Proficient in schematic capture and layout using Altium Designer. Experienced with high-speed digital design."
456,r)J5=g(2v,Liam Murphy,"Audio Software Engineer. Develops audio processing plugins (VST, AU) and real-time audio engines in C++. Strong background in digital signal processing (DSP)."
4<strong>457</strong>,s(I4_f*3w,Chloe Dubois,"Ethical Hacker (Pentester) who specializes in web application security. Identifies and exploits vulnerabilities like SQL injection, XSS, and CSRF. OSCP certified."
458,t(H3*e)4x,Mateo Hernandez,"Release Manager who coordinates and manages the software release process across multiple teams. Ensures that releases are delivered smoothly and on schedule with minimal risk."
459,u)G2-d_5y,Isabella Rossi,"Bioinformatics Scientist who writes software tools to analyze genomic and proteomic data. Combines a strong background in biology with programming skills in Python and R."
460,v)F1=c(6z,Noah Williams,"Technical Support Engineer (Tier 3). Troubleshoots and resolves the most complex technical issues escalated from other support tiers. Works closely with the engineering team to diagnose bugs and product issues."
461,w(E9_b*7a,Amelia Chen,"Director of Engineering who manages multiple software development teams. Responsible for technical strategy, hiring, and mentoring engineers. Grew the engineering team from 10 to 50."
462,x(D8*a)8b,Lucas Schmidt,"3D Graphics Programmer who works on a game engine's rendering pipeline. Implements advanced lighting and shadow techniques. Expert in DirectX 12 and GPU programming."
463,y)C7-z_9c,Olivia Beauchamp,"Chatbot Developer. Designs and builds conversational AI experiences using platforms like Google Dialogflow and Rasa. Focuses on natural language understanding (NLU) and conversation design."
464,z)B6=y(0d,Elijah Goldstein,"Java Developer with over 10 years of experience building enterprise applications using Spring and Hibernate. Expert in object-oriented design and building mission-critical systems."
465,a_A5_x*1e,Sofia Petrova,"Augmented Reality (AR) Engineer. Develops AR applications for mobile devices using ARKit and ARCore. Created an AR app for a furniture retailer that lets users visualize products in their home."
466,b_Z4*w)2f,Benjamin Carter,"Chief Technology Officer (CTO) for a mid-sized tech company. Sets the technology vision and strategy for the company, manages the R&D budget, and represents the company's technology to investors."
467,c*Y3)v-3g,Ava Nguyen,"Software Engineer working on operating systems development. Contributes to the Linux kernel, focusing on the scheduler and memory management subsystems. Proficient in C and assembly language."
468,d*X2-u_4h,William O'Connell,"Principal Engineer who provides technical leadership across multiple teams. A hands-on architect who tackles the most complex technical challenges and mentors other senior engineers."
469,e)W1=t(5i,Grace Lee,"Engineering Manager who leads a team of frontend engineers. Responsible for project delivery, performance management, and career growth of the engineers on her team."
470,f)V9_s*6j,James Brown,"Ruby on Rails Developer. Built and maintained several large-scale web applications using the Rails framework. Strong believer in TDD and clean code practices."
471,g(U8*r)7k,Mia Wang,"Data Governance Specialist. Establishes policies and processes for managing data assets, ensuring data quality, security, and compliance. Implemented a company-wide data catalog."
472,h(T7)q-8l,Henry Jones,"Flutter Developer who builds cross-platform mobile apps from a single codebase. Developed an app for a client that achieved a consistent look and feel on both iOS and Android."
473,i)S6-p_9m,Charlotte Davis,"Site Reliability Engineer (SRE) specializing in Google Cloud Platform (GCP). Manages services running on GKE and uses Google's suite of observability tools to maintain high levels of reliability."
474,j)R5=o(0n,Leo Tolstoy,"Sales Engineer who acts as a technical liaison between the sales team and customers. Creates and delivers product demos, answers technical questions, and helps design solutions for potential clients."
475,k(Q4_n*1o,Evelyn Reed,"Video Streaming Engineer. Works on building and maintaining a large-scale live video streaming platform. Experience with protocols like HLS and DASH, and video codecs like H.264 and AV1."
476,l(P3*m)2p,David Chen,"Information Architect who designs the structure and navigation for complex websites and applications. Focuses on organizing information in a way that is intuitive and easy for users to understand."
477,m)O2-l_3q,Victoria Beck,"Test Automation Architect. Designs the overall strategy and framework for automated testing across the organization. Evaluates and selects testing tools and technologies."
478,n)N1=k(4r,Michael Scott,"Build and Release Engineer. Manages the source code repository (Git), automates the build process, and oversees the release of software to production environments."
479,o(M9_j*5s,Pamela Halpert,"IT Project Manager who manages the implementation of new enterprise software systems (like ERP or CRM). Manages timelines, budgets, and stakeholder communication. PMP certified."
480,p(L8*i)6t,James Kirk,"Natural Language Processing (NLP) Scientist with a PhD. Researches and develops new algorithms for tasks like machine translation and text summarization. Has multiple publications in top AI conferences."
481,q)K7-h_7u,Diana Prince,"Full-Stack Web Developer with expertise in ASP.NET Core for the backend and Angular for the frontend. Built enterprise-level applications for clients in the financial sector."
482,r)J6=g(8v,Bruce Wayne,"Chief Information Officer (CIO) for a large corporation. Responsible for the overall IT strategy and operations, ensuring that technology supports the company's business goals."
483,s(I5_f*9w,Clark Kent,"Data Visualization Engineer. Uses libraries like D3.js to create custom, interactive data visualizations for news articles and reports. Turns complex data into compelling visual stories."
484,t(H4*e)0x,Tony Stark,"Lead Robotics Engineer who heads the R&D for a new line of autonomous robots. Manages a multidisciplinary team of mechanical, electrical, and software engineers."
485,u)G3-d_1y,Natasha Romanoff,"Threat Intelligence Analyst. Monitors and analyzes cyber threats from various sources to provide actionable intelligence to the security team. Tracks adversary groups and their tactics."
486,v)F2=c(2z,Steve Rogers,"Software Development Manager who leads a team focused on building a large-scale distributed database. Combines deep technical expertise with strong people management skills."
487,w(E1_b*3a,Peter Parker,"API Developer who designs and builds clean, well-documented, and easy-to-use RESTful APIs. Focuses on API security, versioning, and performance."
488,x(D9*a)4b,Wanda Maximoff,"User Interface (UI) Engineer who specializes in implementing complex animations and micro-interactions using CSS and JavaScript. Cares deeply about creating a polished and delightful user experience."
489,y)C8-z_5c,Vision Ultron,"AI Ethicist who works within a large tech company to review new products and research for potential ethical risks and societal impact. Helps guide responsible AI development."
490,z)B7=y(6d,Bucky Barnes,".NET Developer with extensive experience building desktop applications using WPF and WinForms. Migrated a legacy application to a modern .NET Core architecture."
491,a_A6_x*7e,Sam Wilson,"Geospatial Developer who builds applications using mapping libraries like Leaflet and Mapbox. Works with geospatial data and develops features like location search and route planning."
492,b_Z5*w)8f,T'Challa Udaku,"Chief Product Officer (CPO) who oversees the entire product organization. Responsible for the vision, strategy, and execution of all products at the company."
493,c*Y4)v-9g,Shuri Udaku,"Research Scientist at a corporate R&D lab. Her work focuses on creating next-generation display technologies. Holds multiple patents in the field of materials science and optics."
494,d*X3-u_0h,Scott Lang,"Security Engineer specializing in application security (AppSec). Works with development teams to conduct code reviews, perform static/dynamic analysis, and fix security vulnerabilities."
495,e)W2=t(1i,Hope Pym,"Director of Data Science who leads a team of data scientists and machine learning engineers. Sets the technical direction for AI/ML projects and communicates insights to executive leadership."
496,f)V1_s*2j,Carol Danvers,"Senior Software Engineer, Infrastructure. Works on the foundational services that power all other applications, such as service discovery, configuration management, and distributed tracing."
497,g(U9*r)3k,Nick Fury,"Director of Incident Response. Leads the team responsible for managing and responding to major cybersecurity incidents. Develops playbooks and conducts post-mortem analyses."
498,h(T8)q-4l,Maria Hill,"Head of Technical Operations (TechOps). Manages the team that ensures the reliability and uptime of production systems, including SRE, NOC, and IT support functions."
499,i)S7-p_5m,Phil Coulson,"Solutions Engineer who specializes in integrating our product with third-party enterprise systems like Salesforce and Workday. Writes custom scripts and connectors to meet client needs."
500,j)R6=o(6n,Peggy Carter,"Cryptography Engineer who designs and implements cryptographic protocols and systems. Works on securing data at rest and in transit. PhD in Cryptography."